adsorbent_basis,mass
adsorbent_unit,g
loading_basis,molar
loading_unit,cm3(STP)
pressure_mode,relative
pressure_unit,None
material,CarbonBlack
temperature,77.355
adsorbate,nitrogen
material_batch,Test
iso_type,Isotherme
date,21/05/2010 00:00
t_act,200.0
user,PI
lab,MADIREL
machine,Triflex
type,calorimetry
project,ACRONYM
is_real,False
data:[pressure,loading,[otherdata],branch data]
pressure,loading,branch
1e-08,0.0012760125546144867,ads
0.001001010990990991,6.408660972163154,ads
0.002002011981981982,6.579827211148756,ads
0.0030030129729729732,6.643208884076266,ads
0.004004013963963964,6.678601537130253,ads
0.005005014954954955,6.702630994049095,ads
0.0060060159459459465,6.720935853216968,ads
0.007007016936936937,6.735956786548979,ads
0.008008017927927928,6.748922146261984,ads
0.009009018918918919,6.760517549960647,ads
0.01001001990990991,6.771155823553439,ads
0.0110110209009009,6.78110040555406,ads
0.012012021891891893,6.79052731937583,ads
0.013013022882882884,6.799558658662557,ads
0.014014023873873875,6.808281775652191,ads
0.015015024864864866,6.816760821102178,ads
0.016016025855855858,6.825043970968503,ads
0.01701702684684685,6.833168110385161,ads
0.01801802783783784,6.841161960881234,ads
0.019019028828828832,6.84904822279113,ads
0.02002002981981982,6.856845076633326,ads
0.021021030810810814,6.864567256599219,ads
0.022022031801801803,6.872226831973063,ads
0.023023032792792796,6.879833785170067,ads
0.024024033783783788,6.887396445582224,ads
0.025025034774774777,6.894921819520663,ads
0.02602603576576577,6.902415844171868,ads
0.02702703675675676,6.909883585229465,ads
0.02802803774774775,6.917329392256186,ads
0.02902903873873874,6.924757021960535,ads
0.030030039729729733,6.932169736861604,ads
0.031031040720720722,6.939570384890087,ads
0.032032041711711715,6.946961464088835,ads
0.03303304270270271,6.954345175568646,ads
0.0340340436936937,6.961723467133517,ads
0.035035044684684685,6.969098069438741,ads
0.03603604567567568,6.976470526131586,ads
0.03703704666666667,6.983842219111438,ads
0.03803804765765766,6.9912143898071655,ads
0.03903904864864865,6.998588157185616,ads
0.04004004963963964,7.005964533062529,ads
0.041041050630630634,7.013344435175856,ads
0.042042051621621626,7.020728698393954,ads
0.04304305261261262,7.028118084361869,ads
0.044044053603603604,7.035513289833951,ads
0.0450450545945946,7.042914953896879,ads
0.04604605558558559,7.050323664251751,ads
0.04704705657657658,7.057739962695238,ads
0.048048057567567574,7.06516434991649,ads
0.04904905855855856,7.072597289707375,ads
0.05005005954954955,7.0800392126682,ads
0.051051060540540545,7.087490519477993,ads
0.05205206153153154,7.094951583787961,ads
0.05305306252252252,7.102422754787847,ads
0.054054063513513516,7.109904359487496,ads
0.05505506450450451,7.117396704749905,ads
0.0560560654954955,7.1249000791067525,ads
0.057057066486486493,7.132414754383123,ads
0.05805806747747748,7.139940987154389,ads
0.05905906846846847,7.1474790200552185,ads
0.060060069459459464,7.155029082957878,ads
0.06106107045045046,7.162591394034851,ads
0.06206207144144144,7.170166160718837,ads
0.06306307243243243,7.177753580571461,ads
0.06406407342342342,7.185353842070766,ads
0.0650650744144144,7.192967125326147,ads
0.0660660754054054,7.200593602728439,ads
0.06706707639639639,7.208233439541971,ads
0.06806807738738739,7.215886794444492,ads
0.06906907837837838,7.2235538200202924,ads
0.07007007936936936,7.2312346632112,ads
0.07107108036036036,7.238929465729578,ads
0.07207208135135135,7.2466383644370485,ads
0.07307308234234235,7.25436149169219,ads
0.07407408333333333,7.262098975670173,ads
0.07507508432432432,7.269850940656941,ads
0.07607608531531532,7.277617507320275,ads
0.0770770863063063,7.285398792959847,ads
0.07807808729729729,7.293194911738152,ads
0.07907908828828829,7.30100597489401,ads
0.08008008927927927,7.308832090940146,ads
0.08108109027027027,7.316673365846261,ads
0.08208209126126126,7.324529903208792,ads
0.08308309225225224,7.332401804408504,ads
0.08408409324324324,7.340289168756942,ads
0.08508509423423423,7.348192093632617,ads
0.08608609522522523,7.3561106746078195,ads
0.08708709621621621,7.364045005566759,ads
0.0880880972072072,7.371995178815756,ads
0.0890890981981982,7.379961285186102,ads
0.09009009918918919,7.387943414130156,ads
0.09109110018018018,7.3959416538112,ads
0.09209210117117117,7.403956091187522,ads
0.09309310216216216,7.411986812091178,ads
0.09409410315315316,7.420033901301809,ads
0.09509510414414414,7.428097442615892,ads
0.09609610513513514,7.43617751891176,ads
0.09709710612612613,7.444274212210678,ads
0.09809810711711711,7.452387603734293,ads
0.09909910810810811,7.460517773958659,ads
0.1001001090990991,7.4686648026651445,ads
0.10110111009009008,7.4768287689883834,ads
0.10210211108108108,7.4850097514615035,ads
0.10310311207207207,7.493207828058814,ads
0.10410411306306307,7.501423076236099,ads
0.10510511405405405,7.509655572968728,ads
0.10610611504504504,7.517905394787661,ads
0.10710711603603604,7.526172617813559,ads
0.10810811702702702,7.534457317789064,ads
0.10910911801801802,7.542759570109394,ads
0.11011011900900901,7.551079449851359,ads
0.11111112,7.559417031800901,ads
0.112112120990991,7.5677723904792344,ads
0.11311312198198198,7.57614560016769,ads
0.11411412297297298,7.584536734931346,ads
0.11511512396396396,7.592945868641503,ads
0.11611612495495495,7.6013730749970865,ads
0.11711712594594595,7.609818427545035,ads
0.11811812693693693,7.618281999699749,ads
0.11911912792792792,7.626763864761626,ads
0.12012012891891892,7.63526409593478,ads
0.1211211299099099,7.643782766343942,ads
0.1221221309009009,7.6523199490506375,ads
0.12312313189189189,7.660875717068649,ads
0.12412413288288288,7.669450143378818,ads
0.12512513387387386,7.678043300943222,ads
0.12612613486486488,7.686655262718773,ads
0.12712713585585586,7.695286101670237,ads
0.12812813684684685,7.70393589078275,ads
0.12912913783783783,7.712604703073834,ads
0.13013013882882882,7.721292611604923,ads
0.13113113981981983,7.729999689492486,ads
0.13213214081081082,7.738726009918698,ads
0.1331331418018018,7.747471646141721,ads
0.1341341427927928,7.756236671505623,ads
0.13513514378378377,7.765021159449936,ads
0.1361361447747748,7.77382518351887,ads
0.13713714576576577,7.782648817370219,ads
0.13813814675675676,7.791492134783963,ads
0.13913914774774774,7.800355209670589,ads
0.14014014873873873,7.809238116079132,ads
0.14114114972972974,7.818140928204964,ads
0.14214215072072073,7.8270637203973505,ads
0.1431431517117117,7.836006567166758,ads
0.1441441527027027,7.844969543191959,ads
0.14514515369369368,7.853952723326918,ads
0.1461461546846847,7.862956182607498,ads
0.14714715567567568,7.871979996257951,ads
0.14814815666666667,7.881024239697265,ads
0.14914915765765765,7.89008898854532,ads
0.15015015864864864,7.8991743186288925,ads
0.15115115963963963,7.9082803059875095,ads
0.15215216063063064,7.917407026879156,ads
0.15315316162162163,7.926554557785847,ads
0.1541541626126126,7.935722975419073,ads
0.1551551636036036,7.944912356725114,ads
0.15615616459459458,7.954122778890249,ads
0.1571571655855856,7.963354319345847,ads
0.15815816657657658,7.972607055773344,ads
0.15915916756756757,7.981881066109141,ads
0.16016016855855855,7.9911764285493945,ads
0.16116116954954954,8.000493221554713,ads
0.16216217054054055,8.00983152385478,ads
0.16316317153153154,8.01919141445288,ads
0.16416417252252252,8.028572972630373,ads
0.1651651735135135,8.03797627795106,ads
0.1661661745045045,8.04740141026552,ads
0.1671671754954955,8.056848449715346,ads
0.1681681764864865,8.06631747673735,ads
0.16916917747747748,8.075808572067668,ads
0.17017017846846846,8.085321816745868,ads
0.17117117945945945,8.094857292118949,ads
0.17217218045045046,8.104415079845323,ads
0.17317318144144145,8.11399526189874,ads
0.17417418243243243,8.123597920572166,ads
0.17517518342342342,8.133223138481638,ads
0.1761761844144144,8.142870998570041,ads
0.17717718540540542,8.152541584110898,ads
0.1781781863963964,8.162234978712076,ads
0.1791791873873874,8.1719512663195,ads
0.18018018837837838,8.181690531220807,ads
0.18118118936936936,8.191452858048994,ads
0.18218219036036037,8.201238331786021,ads
0.18318319135135136,8.211047037766392,ads
0.18418419234234235,8.220879061680732,ads
0.18518519333333333,8.230734489579316,ads
0.18618619432432432,8.240613407875589,ads
0.18718719531531533,8.250515903349678,ads
0.18818819630630632,8.260442063151867,ads
0.1891891972972973,8.270391974806065,ads
0.1901901982882883,8.280365726213276,ads
0.19119119927927927,8.290363405655027,ads
0.19219220027027029,8.3003851017968,ads
0.19319320126126127,8.310430903691461,ads
0.19419420225225226,8.320500900782664,ads
0.19519520324324324,8.330595182908256,ads
0.19619620423423423,8.340713840303671,ads
0.19719720522522521,8.350856963605327,ads
0.19819820621621623,8.361024643854005,ads
0.1991992072072072,8.371216972498228,ads
0.2002002081981982,8.38143404139765,ads
0.20120120918918918,8.391675942826426,ads
0.20220221018018017,8.401942769476582,ads
0.20320321117117118,8.412234614461404,ads
0.20420421216216217,8.422551571318808,ads
0.20520521315315315,8.432893734014712,ads
0.20620621414414414,8.443261196946425,ads
0.20720721513513513,8.453654054946023,ads
0.20820821612612614,8.464072403283746,ads
0.20920921711711712,8.474516337671377,ads
0.2102102181081081,8.48498595426565,ads
0.2112112190990991,8.495481349671644,ads
0.21221222009009008,8.506002620946207,ads
0.2132132210810811,8.516549865601355,ads
0.21421422207207208,8.527123181607708,ads
0.21521522306306307,8.537722667397924,ads
0.21621622405405405,8.548348421870147,ads
0.21721722504504504,8.559000544391443,ads
0.21821822603603605,8.56967913480128,ads
0.21921922702702704,8.580384293415005,ads
0.22022022801801802,8.591116121027312,ads
0.221221229009009,8.601874718915761,ads
0.22222223,8.612660188844275,ads
0.223223230990991,8.623472633066676,ads
0.224224231981982,8.634312154330217,ads
0.22522523297297298,8.645178855879138,ads
0.22622623396396396,8.656072841458228,ads
0.22722723495495495,8.66699421531642,ads
0.22822823594594596,8.677943082210378,ads
0.22922923693693695,8.688919547408121,ads
0.23023023792792793,8.69992371669265,ads
0.23123123891891892,8.7109556963656,ads
0.2322322399099099,8.722015593250912,ads
0.23323324090090092,8.733103514698506,ads
0.2342342418918919,8.744219568588003,ads
0.2352352428828829,8.75536386333243,ads
0.23623624387387387,8.766536507881979,ads
0.23723724486486486,8.777737611727751,ads
0.23823824585585585,8.788967284905567,ads
0.23923924684684686,8.800225637999745,ads
0.24024024783783784,8.81151278214694,ads
0.24124124882882883,8.82282882903999,ads
0.24224224981981982,8.834173890931783,ads
0.2432432508108108,8.845548080639151,ads
0.24424425180180181,8.85695151154678,ads
0.2452452527927928,8.86838429761116,ads
0.2462462537837838,8.879846553364528,ads
0.24724725477477477,8.891338393918875,ads
0.24824825576576576,8.902859934969944,ads
0.24924925675675677,8.914411292801272,ads
0.25025025774774773,8.925992584288242,ads
0.25125125873873877,8.937603926902186,ads
0.25225225972972976,8.949245438714483,ads
0.25325326072072074,8.960917238400707,ads
0.2542542617117117,8.972619445244796,ads
0.2552552627027027,8.984352179143233,ads
0.2562562636936937,8.99611556060929,ads
0.2572572646846847,9.007909710777254,ads
0.25825826567567567,9.019734751406725,ads
0.25925926666666665,9.031590804886912,ads
0.26026026765765764,9.043477994240984,ads
0.2612612686486486,9.055396443130416,ads
0.26226226963963967,9.0673462758594,ads
0.26326327063063065,9.079327617379276,ads
0.26426427162162164,9.091340593292982,ads
0.2652652726126126,9.103385329859545,ads
0.2662662736036036,9.115461953998608,ads
0.2672672745945946,9.127570593294976,ads
0.2682682755855856,9.139711376003211,ads
0.26926927657657657,9.151884431052245,ads
0.27027027756756755,9.164089888050034,ads
0.27127127855855854,9.176327877288246,ads
0.2722722795495496,9.188598529746987,ads
0.27327328054054056,9.200901977099534,ads
0.27427428153153155,9.213238351717154,ads
0.27527528252252254,9.225607786673917,ads
0.2762762835135135,9.238010415751551,ads
0.2772772845045045,9.250446373444346,ads
0.2782782854954955,9.262915794964089,ads
0.2792792864864865,9.275418816245034,ads
0.28028028747747746,9.28795557394891,ads
0.28128128846846845,9.300526205469968,ads
0.2822822894594595,9.313130848940066,ads
0.2832832904504505,9.325769643233787,ads
0.28428429144144146,9.33844272797362,ads
0.28528529243243245,9.35115024353514,ads
0.28628629342342343,9.363892331052265,ads
0.2872872944144144,9.376669132422528,ads
0.2882882954054054,9.389480790312415,ads
0.2892892963963964,9.402327448162723,ads
0.2902902973873874,9.415209250193964,ads
0.29129129837837836,9.428126341411817,ads
0.2922922993693694,9.441078867612624,ads
0.2932933003603604,9.454066975388926,ads
0.2942943013513514,9.467090812135034,ads
0.29529530234234236,9.48015052605266,ads
0.29629630333333334,9.493246266156582,ads
0.29729730432432433,9.506378182280365,ads
0.2982983053153153,9.519546425082103,ads
0.2992993063063063,9.532751146050241,ads
0.3003003072972973,9.545992497509417,ads
0.30130130828828827,9.559270632626369,ads
0.30230230927927926,9.572585705415866,ads
0.3033033102702703,9.585937870746719,ads
0.3043043112612613,9.599327284347815,ads
0.30530531225225227,9.612754102814213,ads
0.30630631324324326,9.626218483613277,ads
0.30730731423423424,9.639720585090881,ads
0.3083083152252252,9.653260566477641,ads
0.3093093162162162,9.666838587895215,ads
0.3103103172072072,9.680454810362638,ads
0.3113113181981982,9.69410939580274,ads
0.31231231918918917,9.707802507048571,ads
0.3133133201801802,9.721534307849925,ads
0.3143143211711712,9.73530496287989,ads
0.3153153221621622,9.749114637741453,ads
0.31631632315315317,9.76296349897418,ads
0.31731732414414415,9.776851714060939,ads
0.31831832513513514,9.790779451434664,ads
0.3193193261261261,9.804746880485213,ads
0.3203203271171171,9.818754171566237,ads
0.3213213281081081,9.832801496002153,ads
0.3223223290990991,9.846889026095141,ads
0.3233233300900901,9.861016935132225,ads
0.3243243310810811,9.875185397392384,ads
0.3253253320720721,9.889394588153758,ads
0.3263263330630631,9.903644683700897,ads
0.32732733405405406,9.917935861332067,ads
0.32832833504504505,9.932268299366624,ads
0.32932933603603604,9.946642177152464,ads
0.330330337027027,9.961057675073512,ads
0.331331338018018,9.975514974557296,ads
0.332332339009009,9.990014258082564,ads
0.33333334000000003,10.004555709187013,ads
0.334334340990991,10.019139512475014,ads
0.335335341981982,10.033765853625466,ads
0.336336342972973,10.048434919399686,ads
0.337337343963964,10.063146897649382,ads
0.33833834495495496,10.077901977324684,ads
0.33933934594594595,10.092700348482243,ads
0.34034034693693693,10.107542202293427,ads
0.3413413479279279,10.122427731052555,ads
0.3423423489189189,10.137357128185219,ads
0.3433433499099099,10.152330588256673,ads
0.34434435090090093,10.167348306980317,ads
0.3453453518918919,10.182410481226228,ads
0.3463463528828829,10.197517309029765,ads
0.3473473538738739,10.212668989600283,ads
0.3483483548648649,10.227865723329899,ads
0.34934935585585586,10.243107711802324,ads
0.35035035684684684,10.258395157801804,ads
0.35135135783783783,10.273728265322127,ads
0.3523523588288288,10.289107239575703,ads
0.3533533598198198,10.304532287002731,ads
0.35435436081081084,10.320003615280447,ads
0.35535536180180183,10.33552143333246,ads
0.3563563627927928,10.351085951338174,ads
0.3573573637837838,10.36669738074227,ads
0.3583583647747748,10.382355934264309,ads
0.35935936576576577,10.398061825908393,ads
0.36036036675675676,10.413815270972934,ads
0.36136136774774774,10.429616486060494,ads
0.3623623687387387,10.445465689087724,ads
0.3633633697297297,10.461363099295395,ads
0.36436437072072075,10.47730893725852,ads
0.36536537171171174,10.493303424896544,ads
0.3663663727027027,10.509346785483675,ads
0.3673673736936937,10.52543924365927,ads
0.3683683746846847,10.541581025438322,ads
0.3693693756756757,10.557772358222056,ads
0.37037037666666667,10.574013470808616,ads
0.37137137765765765,10.59030459340386,ads
0.37237237864864864,10.60664595763222,ads
0.3733733796396396,10.623037796547699,ads
0.37437438063063067,10.639480344644975,ads
0.37537538162162165,10.655973837870562,ads
0.37637638261261264,10.672518513634117,ads
0.3773773836036036,10.68911461081984,ads
0.3783783845945946,10.70576236979797,ads
0.3793793855855856,10.72246203243641,ads
0.3803803865765766,10.739213842112422,ads
0.38138138756756756,10.756018043724485,ads
0.38238238855855855,10.772874883704219,ads
0.38338338954954954,10.789784610028438,ads
0.3843843905405406,10.806747472231315,ads
0.38538539153153156,10.823763721416672,ads
0.38638639252252255,10.84083361027037,ads
0.38738739351351353,10.857957393072809,ads
0.3883883945045045,10.875135325711588,ads
0.3893893954954955,10.892367665694225,ads
0.3903903964864865,10.909654672161057,ads
0.3913913974774775,10.926996605898212,ads
0.39239239846846846,10.944393729350743,ads
0.39339339945945945,10.96184630663587,ads
0.39439440045045043,10.97935460355634,ads
0.3953954014414415,10.99691888761393,ads
0.39639640243243246,11.014539428023085,ads
0.39739740342342345,11.032216495724668,ads
0.39839840441441443,11.049950363399846,ads
0.3993994054054054,11.067741305484128,ads
0.4004004063963964,11.085589598181512,ads
0.4014014073873874,11.103495519478793,ads
0.4024024083783784,11.121459349159993,ads
0.40340340936936936,11.139481368820936,ads
0.40440441036036034,11.157561861883979,ads
0.4054054113513514,11.175701113612847,ads
0.40640641234234237,11.193899411127665,ads
0.40740741333333336,11.212157043420095,ads
0.40840841432432434,11.230474301368643,ads
0.40940941531531533,11.248851477754105,ads
0.4104104163063063,11.267288867275173,ads
0.4114114172972973,11.285786766564192,ads
0.4124124182882883,11.304345474203064,ads
0.41341341927927927,11.322965290739326,ads
0.41441442027027026,11.341646518702364,ads
0.4154154212612613,11.36038946261982,ads
0.4164164222522523,11.379194429034111,ads
0.41741742324324327,11.398061726519181,ads
0.41841842423423425,11.416991665697351,ads
0.41941942522522524,11.435984559256385,ads
0.4204204262162162,11.455040721966697,ads
0.4214214272072072,11.474160470698754,ads
0.4224224281981982,11.49334412444064,ads
0.4234234291891892,11.512592004315785,ads
0.42442443018018017,11.531904433600898,ads
0.4254254311711712,11.55128173774407,ads
0.4264264321621622,11.570724244383046,ads
0.4274274331531532,11.590232283363695,ads
0.42842843414414417,11.609806186758679,ads
0.42942943513513515,11.629446288886276,ads
0.43043043612612614,11.649152926329435,ads
0.4314314371171171,11.668926437954983,ads
0.4324324381081081,11.688767164933076,ads
0.4334334390990991,11.708675450756807,ads
0.4344344400900901,11.72865164126203,ads
0.43543544108108106,11.74869608464738,ads
0.4364364420720721,11.768809131494532,ads
0.4374374430630631,11.788991134788622,ads
0.4384384440540541,11.809242449938894,ads
0.43943944504504506,11.829563434799574,ads
0.44044044603603605,11.849954449690953,ads
0.44144144702702703,11.87041585742067,ads
0.442442448018018,11.890948023305251,ads
0.443443449009009,11.911551315191826,ads
0.44444445,11.932226103480128,ads
0.445445450990991,11.952972761144666,ads
0.446446451981982,11.973791663757167,ads
0.447447452972973,11.994683189509232,ads
0.448448453963964,12.015647719235247,ads
0.449449454954955,12.036685636435523,ads
0.45045045594594596,12.057797327299662,ads
0.45145145693693695,12.07898318073023,ads
0.45245245792792793,12.100243588366599,ads
0.4534534589189189,12.121578944609096,ads
0.4544544599099099,12.142989646643391,ads
0.4554554609009009,12.164476094465154,ads
0.45645646189189193,12.186038690904953,ads
0.4574574628828829,12.207677841653423,ads
0.4584584638738739,12.229393955286731,ads
0.4594594648648649,12.251187443292284,ads
0.46046046585585587,12.273058720094708,ads
0.46146146684684686,12.295008203082126,ads
0.46246246783783784,12.317036312632716,ads
0.46346346882882883,12.339143472141545,ads
0.4644644698198198,12.361330108047694,ads
0.4654654708108108,12.38359664986167,ads
0.46646647180180184,12.405943530193143,ads
0.4674674727927928,12.428371184778952,ads
0.4684684737837838,12.450880052511414,ads
0.4694694747747748,12.473470575466989,ads
0.4704704757657658,12.496143198935188,ads
0.47147147675675677,12.518898371447845,ads
0.47247247774774775,12.54173654480869,ads
0.47347347873873874,12.564658174123265,ads
0.4744744797297297,12.587663717829145,ads
0.4754754807207207,12.610753637726496,ads
0.4764764817117117,12.63392839900898,ads
0.47747748270270274,12.657188470295004,ads
0.4784784836936937,12.680534323659309,ads
0.4794794846846847,12.703966434664878,ads
0.4804804856756757,12.727485282395271,ads
0.4814814866666667,12.751091349487242,ads
0.48248248765765767,12.77478512216377,ads
0.48348348864864865,12.798567090267438,ads
0.48448448963963964,12.822437747294193,ads
0.4854854906306306,12.846397590427484,ads
0.4864864916216216,12.870447120572768,ads
0.48748749261261265,12.89458684239243,ads
0.48848849360360364,12.918817264341081,ads
0.4894894945945946,12.943138898701257,ads
0.4904904955855856,12.967552261619506,ads
0.4914914965765766,12.992057873142937,ads
0.4924924975675676,13.016656257256107,ads
0.49349349855855856,13.0413479419184,ads
0.49449449954954955,13.066133459101765,ads
0.49549550054054053,13.09101334482897,ads
0.4964965015315315,13.115988139212186,ads
0.49749750252252256,13.141058386492123,ads
0.49849850351351355,13.166224635077521,ads
0.49949950450450453,13.191487437585174,ads
0.5005005054954955,13.216847350880355,ads
0.5015015064864865,13.242304936117742,ads
0.5025025074774776,13.26786075878282,ads
0.5035035084684686,13.293515388733715,ads
0.5045045094594596,13.319269400243604,ads
0.5055055104504506,13.345123372043524,ads
0.5065065114414415,13.371077887365741,ads
0.5075075124324325,13.3971335339876,ads
0.5085085134234235,13.423290904275898,ads
0.5095095144144145,13.449550595231786,ads
0.5105105154054055,13.475913208536165,ads
0.5115115163963965,13.502379350595662,ads
0.5125125173873875,13.528949632589118,ads
0.5135135183783784,13.555624670514641,ads
0.5145145193693694,13.582405085237198,ads
0.5155155203603604,13.6092915025368,ads
0.5165165213513514,13.636284553157225,ads
0.5175175223423424,13.663384872855376,ads
0.5185185233333334,13.690593102451142,ads
0.5195195243243244,13.717909887877974,ads
0.5205205253153153,13.745335880233942,ads
0.5215215263063063,13.772871735833506,ads
0.5225225272972973,13.800518116259836,ads
0.5235235282882884,13.828275688417841,ads
0.5245245292792794,13.856145124587746,ads
0.5255255302702704,13.884127102479408,ads
0.5265265312612614,13.91222230528722,ads
0.5275275322522524,13.940431421745743,ads
0.5285285332432433,13.968755146185956,ads
0.5295295342342343,13.997194178592256,ads
0.5305305352252253,14.025749224660087,ads
0.5315315362162163,14.05442099585435,ads
0.5325325372072073,14.08321020946846,ads
0.5335335381981983,14.112117588684184,ads
0.5345345391891893,14.141143862632184,ads
0.5355355401801802,14.170289766453331,ads
0.5365365411711712,14.199556041360761,ads
0.5375375421621622,14.22894343470272,ads
0.5385385431531532,14.25845270002615,ads
0.5395395441441442,14.288084597141147,ads
0.5405405451351352,14.317839892186122,ads
0.5415415461261261,14.34771935769388,ads
0.5425425471171171,14.377723772658433,ads
0.5435435481081082,14.407853922602744,ads
0.5445445490990992,14.438110599647233,ads
0.5455455500900902,14.468494602579227,ads
0.5465465510810812,14.499006736923247,ads
0.5475475520720722,14.529647815012195,ads
0.5485485530630632,14.560418656059438,ads
0.5495495540540541,14.591320086231836,ads
0.5505505550450451,14.622352938723646,ads
0.5515515560360361,14.653518053831462,ads
0.5525525570270271,14.684816279030006,ads
0.5535535580180181,14.716248469048995,ads
0.5545545590090091,14.747815485950898,ads
0.5555555600000001,14.779518199209807,ads
0.556556560990991,14.811357485791213,ads
0.557557561981982,14.843334230232918,ads
0.558558562972973,14.87544932472689,ads
0.559559563963964,14.907703669202323,ads
0.560560564954955,14.94009817140961,ads
0.561561565945946,14.972633747005581,ads
0.562562566936937,15.005311319639711,ads
0.5635635679279279,15.038131821041581,ads
0.564564568918919,15.071096191109394,ads
0.56556556990991,15.104205377999726,ads
0.566566570900901,15.13746033821842,ads
0.567567571891892,15.170862036712698,ads
0.568568572882883,15.204411446964507,ads
0.569569573873874,15.23810955108507,ads
0.570570574864865,15.271957339910752,ads
0.5715715758558559,15.305955813100157,ads
0.5725725768468469,15.340105979232534,ads
0.5735735778378379,15.374408855907538,ads
0.5745745788288289,15.408865469846287,ads
0.5755755798198199,15.44347685699381,ads
0.5765765808108109,15.478244062622862,ads
0.5775775818018019,15.513168141439156,ads
0.5785785827927928,15.548250157688024,ads
0.5795795837837838,15.58349118526251,ads
0.5805805847747748,15.618892307812958,ads
0.5815815857657658,15.65445461885809,ads
0.5825825867567568,15.690179221897589,ads
0.5835835877477478,15.72606723052625,ads
0.5845845887387389,15.762119768549713,ads
0.5855855897297298,15.798337970101713,ads
0.5865865907207208,15.834722979763072,ads
0.5875875917117118,15.871275952682232,ads
0.5885885927027028,15.90799805469752,ads
0.5895895936936938,15.944890462461093,ads
0.5905905946846848,15.981954363564613,ads
0.5915915956756758,16.019190956666694,ads
0.5925925966666667,16.056601451622107,ads
0.5935935976576577,16.09418706961282,ads
0.5945945986486487,16.13194904328089,ads
0.5955955996396397,16.169888616863187,ads
0.5965966006306307,16.208007046328103,ads
0.5975976016216217,16.246305599514088,ads
0.5985986026126127,16.284785556270286,ads
0.5995996036036036,16.323448208599025,ads
0.6006006045945946,16.362294860800514,ads
0.6016016055855856,16.401326829619425,ads
0.6026026065765766,16.44054544439375,ads
0.6036036075675676,16.479952047205657,ads
0.6046046085585586,16.51954799303464,ads
0.6056056095495497,16.559334649912767,ads
0.6066066105405407,16.599313399082295,ads
0.6076076115315316,16.63948563515545,ads
0.6086086125225226,16.679852766276667,ads
0.6096096135135136,16.720416214287052,ads
0.6106106145045046,16.761177414891396,ads
0.6116116154954956,16.802137817827504,ads
0.6126126164864866,16.843298887038113,ads
0.6136136174774776,16.884662100845283,ads
0.6146146184684685,16.926228952127406,ads
0.6156156194594595,16.968000948498787,ads
0.6166166204504505,17.009979612491946,ads
0.6176176214414415,17.052166481742578,ads
0.6186186224324325,17.094563109177326,ads
0.6196196234234235,17.13717106320431,ads
0.6206206244144145,17.179991927906563,ads
0.6216216254054054,17.223027303238315,ads
0.6226226263963964,17.266278805224303,ads
0.6236236273873874,17.309748066162026,ads
0.6246246283783784,17.353436734827124,ads
0.6256256293693695,17.397346476681804,ads
0.6266266303603605,17.441478974086518,ads
0.6276276313513515,17.485835926514785,ads
0.6286286323423425,17.530419050771417,ads
0.6296296333333334,17.57523008121392,ads
0.6306306343243244,17.620270769977502,ads
0.6316316353153154,17.665542887203358,ads
0.6326326363063064,17.71104822127064,ads
0.6336336372972974,17.756788579031898,ads
0.6346346382882884,17.80276578605228,ads
0.6356356392792794,17.84898168685237,ads
0.6366366402702703,17.89543814515489,ads
0.6376376412612613,17.942137044135208,ads
0.6386386422522523,17.989080286675836,ads
0.6396396432432433,18.036269795624854,ads
0.6406406442342343,18.083707514058503,ads
0.6416416452252253,18.131395405547863,ads
0.6426426462162163,18.17933545442982,ads
0.6436436472072072,18.227529666082233,ads
0.6446446481981982,18.27598006720367,ads
0.6456456491891892,18.32468870609743,ads
0.6466466501801803,18.37365765296025,ads
0.6476476511711713,18.422889000175562,ads
0.6486486521621623,18.47238486261158,ads
0.6496496531531533,18.52214737792407,ads
0.6506506541441442,18.57217870686419,ads
0.6516516551351352,18.62248103359115,ads
0.6526526561261262,18.673056565990137,ads
0.6536536571171172,18.723907535995316,ads
0.6546546581081082,18.775036199918166,ads
0.6556556590990992,18.826444838781246,ads
0.6566566600900902,18.87813575865737,ads
0.6576576610810811,18.93011129101447,ads
0.6586586620720721,18.982373793066127,ads
0.6596596630630631,19.034925648127953,ads
0.6606606640540541,19.08776926597984,ads
0.6616616650450451,19.140907083234392,ads
0.6626626660360361,19.19434156371135,ads
0.6636636670270271,19.24807519881851,ads
0.664664668018018,19.302110507938835,ads
0.665665669009009,19.356450038824327,ads
0.6666666700000001,19.411096367996375,ads
0.6676676709909911,19.466052101153043,ads
0.6686686719819821,19.521319873583234,ads
0.6696696729729731,19.57690235058794,ads
0.6706706739639641,19.632802227908677,ads
0.6716716749549551,19.689022232163385,ads
0.672672675945946,19.745565121289676,ads
0.673673676936937,19.802433684995908,ads
0.674674677927928,19.859630745219935,ads
0.675675678918919,19.917159156595964,ads
0.67667667990991,19.97502180692939,ads
0.677677680900901,20.033221617680127,ads
0.678678681891892,20.091761544454187,ads
0.6796796828828829,20.15064457750414,ads
0.6806806838738739,20.209873742238187,ads
0.6816816848648649,20.269452099738405,ads
0.6826826858558559,20.329382747288058,ads
0.6836836868468469,20.389668818908376,ads
0.6846846878378379,20.45031348590486,ads
0.6856856888288289,20.511319957423417,ads
0.6866866898198198,20.572691481016395,ads
0.6876876908108109,20.634431343218953,ads
0.6886886918018019,20.69654287013562,ads
0.6896896927927929,20.759029428037742,ads
0.6906906937837839,20.821894423971543,ads
0.6916916947747749,20.88514130637747,ads
0.6926926957657659,20.94877356572068,ads
0.6936936967567569,21.012794735133244,ads
0.6946946977477478,21.077208391068016,ads
0.6956956987387388,21.14201815396473,ads
0.6966966997297298,21.207227688928246,ads
0.6976977007207208,21.27284070641955,ads
0.6986987017117118,21.338860962959465,ads
0.6996997027027028,21.405292261845673,ads
0.7007007036936937,21.472138453883,ads
0.7017017046846847,21.539403438127582,ads
0.7027027056756757,21.60709116264493,ads
0.7037037066666667,21.675205625282455,ads
0.7047047076576577,21.74375087445652,ads
0.7057057086486487,21.812731009954618,ads
0.7067067096396397,21.882150183752703,ads
0.7077077106306308,21.95201260084838,ads
0.7087087116216217,22.02232252010984,ads
0.7097097126126127,22.093084255141477,ads
0.7107107136036037,22.164302175165947,ads
0.7117117145945947,22.235980705923573,ads
0.7127127155855857,22.30812433058908,ads
0.7137137165765767,22.3807375907064,ads
0.7147147175675677,22.45382508714162,ads
0.7157157185585586,22.52739148105483,ads
0.7167167195495496,22.601441494891,ads
0.7177177205405406,22.67597991339056,ads
0.7187187215315316,22.751011584619956,ads
0.7197197225225226,22.826541421022863,ads
0.7207207235135136,22.902574400492227,ads
0.7217217245045046,22.97911556746399,ads
0.7227227254954955,23.05617003403264,ads
0.7237237264864865,23.133742981089483,ads
0.7247247274774775,23.211839659483733,ads
0.7257257284684685,23.29046539120742,ads
0.7267267294594595,23.369625570604313,ads
0.7277277304504505,23.44932566560367,ads
0.7287287314414416,23.529571218979225,ads
0.7297297324324326,23.610367849634233,ads
0.7307307334234235,23.691721253912952,ads
0.7317317344144145,23.773637206939487,ads
0.7327327354054055,23.85612156398429,ads
0.7337337363963965,23.93918026185946,ads
0.7347347373873875,24.022819320343046,ads
0.7357357383783785,24.107044843633535,ads
0.7367367393693695,24.191863021834823,ads
0.7377377403603604,24.277280132472857,ads
0.7387387413513514,24.36330254204434,ads
0.7397397423423424,24.44993670759862,ads
0.7407407433333334,24.537189178353366,ads
0.7417417443243244,24.62506659734493,ads
0.7427427453153154,24.713575703114444,ads
0.7437437463063064,24.802723331430222,ads
0.7447447472972973,24.892516417047755,ads
0.7457457482882883,24.982961995507896,ads
0.7467467492792793,25.074067204974575,ads
0.7477477502702703,25.165839288112682,ads
0.7487487512612614,25.25828559400753,ads
0.7497497522522524,25.35141358012654,ads
0.7507507532432434,25.4452308143248,ads
0.7517517542342343,25.539744976894983,ads
0.7527527552252253,25.634963862663408,ads
0.7537537562162163,25.730895383132914,ads
0.7547547572072073,25.827547568674266,ads
0.7557557581981983,25.92492857076691,ads
0.7567567591891893,26.023046664290813,ads
0.7577577601801803,26.121910249870364,ads
0.7587587611711712,26.221527856272075,ads
0.7597597621621622,26.321908142857172,ads
0.7607607631531532,26.42305990209093,ads
0.7617617641441442,26.52499206210989,ads
0.7627627651351352,26.627713689348933,ads
0.7637637661261262,26.731233991229395,ads
0.7647647671171172,26.835562318910405,ads
0.7657657681081081,26.940708170104593,ads
0.7667667690990991,27.04668119196058,ads
0.7677677700900901,27.15349118401344,ads
0.7687687710810812,27.261148101205656,ads
0.7697697720720722,27.369662056979905,ads
0.7707707730630632,27.479043326446366,ads
0.7717717740540542,27.58930234962591,ads
0.7727727750450452,27.700449734771997,ads
0.7737737760360361,27.812496261772914,ads
0.7747747770270271,27.925452885637206,ads
0.7757757780180181,28.039330740064084,ads
0.7767767790090091,28.15414114110184,ads
0.7777777800000001,28.269895590896237,ads
0.7787787809909911,28.386605781532,ads
0.7797797819819821,28.504283598969614,ads
0.780780782972973,28.622941127080676,ads
0.781781783963964,28.742590651784237,ads
0.782782784954955,28.863244665287553,ads
0.783783785945946,28.98491587043385,ads
0.784784786936937,29.10761718516076,ads
0.785785787927928,29.23136174707222,ads
0.786786788918919,29.356162918127794,ads
0.7877877899099099,29.482034289452283,ads
0.7887887909009009,29.608989686269947,ads
0.789789791891892,29.737043172966466,ads
0.790790792882883,29.866209058283008,ads
0.791791793873874,29.996501900646162,ads
0.792792794864865,30.127936513638108,ads
0.793793795855856,30.260527971610998,ads
0.794794796846847,30.39429161545052,ads
0.7957957978378379,30.529243058492764,ads
0.7967967988288289,30.665398192599607,ads
0.7977977998198199,30.80277319439721,ads
0.7987988008108109,30.941384531683145,ads
0.7997998018018019,31.08124897000707,ads
0.8008008027927929,31.222383579430957,ads
0.8018018037837839,31.364805741474033,ads
0.8028028047747748,31.508533156248983,ads
0.8038038057657658,31.653583849794956,ads
0.8048048067567568,31.799976181614344,ads
0.8058058077477478,31.947728852419388,ads
0.8068068087387388,32.096860912095984,ads
0.8078078097297298,32.24739176789138,ads
0.8088088107207207,32.39934119283357,ads
0.8098098117117118,32.55272933438961,ads
0.8108108127027028,32.70757672337122,ads
0.8118118136936938,32.86390428309564,ads
0.8128128146846848,33.02173333881069,ads
0.8138138156756758,33.1810856273923,ads
0.8148148166666668,33.34198330732467,ads
0.8158158176576578,33.50444896897178,ads
0.8168168186486487,33.668505645151,ads
0.8178178196396397,33.83417682201858,ads
0.8188188206306307,34.0014864502784,ads
0.8198198216216217,34.17045895672464,ads
0.8208208226126127,34.3411192561306,ads
0.8218218236036037,34.51349276349531,ads
0.8228228245945947,34.68760540666109,ads
0.8238238255855856,34.8634836393147,ads
0.8248248265765766,35.04115445438625,ads
0.8258258275675676,35.220645397859656,ads
0.8268268285585586,35.40198458301002,ads
0.8278278295495496,35.58520070508286,ads
0.8288288305405406,35.77032305643153,ads
0.8298298315315316,35.957381542129816,ads
0.8308308325225227,36.146406696076696,ads
0.8318318335135136,36.33742969761194,ads
0.8328328345045046,36.5304823886612,ads
0.8338338354954956,36.72559729143077,ads
0.8348348364864866,36.9228076266721,ads
0.8358358374774776,37.12214733253835,ads
0.8368368384684686,37.32365108405461,ads
0.8378378394594596,37.52735431322622,ads
0.8388388404504505,37.73329322980864,ads
0.8398398414414415,37.94150484276541,ads
0.8408408424324325,38.15202698244011,ads
0.8418418434234235,38.36489832347089,ads
0.8428428444144145,38.58015840847604,ads
0.8438438454054055,38.79784767254189,ads
0.8448448463963965,39.01800746854394,ads
0.8458458473873874,39.240680093335506,ads
0.8468468483783784,39.46590881483773,ads
0.8478478493693694,39.693737900068434,ads
0.8488488503603604,39.9242126441469,ads
0.8498498513513514,40.157379400315484,ads
0.8508508523423425,40.39328561101898,ads
0.8518518533333335,40.631979840086224,ads
0.8528528543243244,40.87351180605925,ads
0.8538538553153154,41.11793241671854,ads
0.8548548563063064,41.36529380485405,ads
0.8558558572972974,41.615649365335706,ads
0.8568568582882884,41.86905379353775,ads
0.8578578592792794,42.12556312517599,ads
0.8588588602702704,42.3852347776179,ads
0.8598598612612613,42.64812759273068,ads
0.8608608622522523,42.91430188133312,ads
0.8618618632432433,43.183819469323154,ads
0.8628628642342343,43.45674374555404,ads
0.8638638652252253,43.733139711538,ads
0.8648648662162163,44.013074033058224,ads
0.8658658672072073,44.29661509377647,ads
0.8668668681981982,44.58383305092546,ads
0.8678678691891892,44.87479989318278,ads
0.8688688701801802,45.1695895008251,ads
0.8698698711711712,45.46827770826978,ads
0.8708708721621622,45.770942369113634,ads
0.8718718731531533,46.07766342378733,ads
0.8728728741441443,46.3885229699476,ads
0.8738738751351353,46.70360533573909,ads
0.8748748761261262,47.02299715606131,ads
0.8758758771171172,47.346787451987176,ads
0.8768768781081082,47.67506771348503,ads
0.8778778790990992,48.0079319856063,ads
0.8788788800900902,48.34547695830867,ads
0.8798798810810812,48.68780206009583,ads
0.8808808820720722,49.035009555663244,ads
0.8818818830630631,49.38720464775252,ads
0.8828828840540541,49.744495583426406,ads
0.8838838850450451,50.10699376499093,ads
0.8848848860360361,50.47481386580239,ads
0.8858858870270271,50.84807395121325,ads
0.8868868880180181,51.22689560492375,ads
0.8878878890090091,51.61140406102438,ads
0.88888889,52.00172834202931,ads
0.889889890990991,52.39800140322166,ads
0.890890891981982,52.800360283648445,ads
0.8918918929729731,53.208946264127,ads
0.8928928939639641,53.623905032643655,ads
0.8938938949549551,54.04538685755388,ads
0.8948948959459461,54.47354676901382,ads
0.895895896936937,54.908544749105715,ads
0.896896897927928,55.350545931145206,ads
0.897897898918919,55.799720808693785,ads
0.89889889990991,56.256245454830434,ads
0.899899900900901,56.720301752276725,ads
0.900900901891892,57.19207763500542,ads
0.901901902882883,57.671767342008614,ads
0.902902903873874,58.1595716839435,ads
0.9039039048648649,58.65569832342661,ads
0.9049049058558559,59.16036206979664,ads
0.9059059068468469,59.6737851892267,ads
0.9069069078378379,60.1961977311247,ads
0.9079079088288289,60.72783787183071,ads
0.9089089098198199,61.26895227668837,ads
0.9099099108108109,61.81979648164855,ads
0.9109109118018018,62.3806352956436,ads
0.9119119127927928,62.95174322506543,ads
0.9129129137837839,63.533404921775016,ads
0.9139139147747749,64.12591565618119,ads
0.9149149157657659,64.72958181703986,ads
0.9159159167567569,65.34472143975064,ads
0.9169169177477479,65.97166476506646,ads
0.9179179187387388,66.61075483027622,ads
0.9189189197297298,67.26234809508651,ads
0.9199199207207208,67.9268151045995,ads
0.9209209217117118,68.6045411919799,ads
0.9219219227027028,69.29592722360897,ads
0.9229229236936938,70.00139038975517,ads
0.9239239246846848,70.72136504403657,ads
0.9249249256756757,71.45630359522617,ads
0.9259259266666667,72.20667745524584,ads
0.9269269276576577,72.97297804752503,ads
0.9279279286486487,73.75571788025461,ads
0.9289289296396397,74.55543168946349,ads
0.9299299306306307,75.37267765727307,ads
0.9309309316216217,76.20803871116486,ads
0.9319319326126126,77.06212391061361,ads
0.9329329336036037,77.93556992802063,ads
0.9339339345945947,78.82904263151138,ads
0.9349349355855857,79.7432387778712,ads
0.9359359365765767,80.67888782465968,ads
0.9369369375675677,81.63675387141346,ads
0.9379379385585587,82.61763774079031,ads
0.9389389395495497,83.62237921157138,ads
0.9399399405405406,84.65185941660448,ads
0.9409409415315316,85.70700342008345,ads
0.9419419425225226,86.78878299000492,ads
0.9429429435135136,87.8982195832705,ads
0.9439439445045046,89.03638756270537,ads
0.9449449454954956,90.20441766729385,ads
0.9459459464864866,91.40350075918958,ads
0.9469469474774775,92.63489187360574,ads
0.9479479484684685,93.89991460053344,ads
0.9489489494594595,95.19996583045221,ads
0.9499499504504505,96.53652089979946,ads
0.9509509514414415,97.9111391760495,ads
0.9519519524324325,99.3254701268486,ads
0.9529529534234235,100.78125992287357,ads
0.9539539544144146,102.28035862998193,ads
0.9549549554054055,103.82472805294302,ads
0.9559559563963965,105.41645030067231,ads
0.9569569573873875,107.05773715160477,ads
0.9579579583783785,108.75094030778783,ads
0.9589589593693695,110.49856263767036,ads
0.9599599603603605,112.30327052061556,ads
0.9609609613513515,114.16790742119179,ads
0.9619619623423424,116.09550883857857,ads
0.9629629633333334,118.0893187964061,ads
0.9639639643243244,120.15280806144371,ads
0.9649649653153154,122.28969430637298,ads
0.9659659663063064,124.50396446304505,ads
0.9669669672972974,126.79989954898706,ads
0.9679679682882883,129.18210229240447,ads
0.9689689692792793,131.65552793076293,ads
0.9699699702702703,134.22551861658982,ads
0.9709709712612613,136.89784193322157,ads
0.9719719722522523,139.67873410490085,ads
0.9729729732432433,142.57494858258747,ads
0.9739739742342344,145.59381080224333,ads
0.9749749752252254,148.74328005025328,ads
0.9759759762162163,152.03201953595325,ads
0.9769769772072073,155.46947597021088,ads
0.9779779781981983,159.06597018937998,ads
0.9789789791891893,162.83280065558907,ads
0.9799799801801803,166.78236201958225,ads
0.9809809811711713,170.92828136712313,ads
0.9819819821621623,175.2855753044581,ads
0.9829829831531532,179.8708316987168,ads
0.9839839841441442,184.70242070909305,ads
0.9849849851351352,189.80074076838244,ads
0.9859859861261262,195.18850645965668,ads
0.9869869871171172,200.89108685606428,ads
0.9879879881081082,206.93690495453376,ads
0.9889889890990992,213.35791147307657,ads
0.9899899900900901,220.19014968075763,ads
0.9909909910810811,227.4744323409837,ads
0.9919919920720721,235.2571576186614,ads
0.9929929930630631,243.59129841141007,ads
0.9939939940540541,252.53760968981786,ads
0.9949949950450452,262.16611203091065,ads
0.9959959960360362,272.5579279794685,ads
0.9969969970270272,283.8075731762323,ads
0.9979979980180181,296.02583930069704,ads
0.9989989990090091,309.3434552002525,ads
1.0,323.9157828130516,ads
